category_name,category_description,item_name,selling_price,gst_percentage,note,ingredient_name,ingredient_quantity,ingredient_unit
Starters,Imported from menus.xlsx menu workbook,French Fries,105,0,Classic salted soft and crispy,9MM Fries,200,g
Starters,Imported from menus.xlsx menu workbook,French Fries,105,0,Classic salted soft and crispy,Ketchup Sachet,2,count
Starters,Imported from menus.xlsx menu workbook,French Fries,105,0,Classic salted soft and crispy,Salt And Pepper,1,g
Starters,Imported from menus.xlsx menu workbook,French Fries,105,0,Classic salted soft and crispy,Oil,40,ml
Starters,Imported from menus.xlsx menu workbook,Peri Peri Fires,105,0,Spiced with peri peri seasoning,9MM Fries,200,g
Starters,Imported from menus.xlsx menu workbook,Peri Peri Fires,105,0,Spiced with peri peri seasoning,Ketchup Sachet,2,count
Starters,Imported from menus.xlsx menu workbook,Peri Peri Fires,105,0,Spiced with peri peri seasoning,Salt And Pepper,1,g
Starters,Imported from menus.xlsx menu workbook,Peri Peri Fires,105,0,Spiced with peri peri seasoning,Oil,40,ml
Starters,Imported from menus.xlsx menu workbook,Peri Peri Fires,105,0,Spiced with peri peri seasoning,Peri Peri Sprinkler,5,g
Starters,Imported from menus.xlsx menu workbook,Crispy Fried Oyster Mushroom,195,0,vegan fried chicken with crispy and juicy,Oyster Mushroom,150,g
Starters,Imported from menus.xlsx menu workbook,Crispy Fried Oyster Mushroom,195,0,vegan fried chicken with crispy and juicy,Marinade,20,g
Starters,Imported from menus.xlsx menu workbook,Crispy Fried Oyster Mushroom,195,0,vegan fried chicken with crispy and juicy,Breading Flour,50,g
Starters,Imported from menus.xlsx menu workbook,Crispy Fried Oyster Mushroom,195,0,vegan fried chicken with crispy and juicy,Oil,20,ml
Starters,Imported from menus.xlsx menu workbook,Crispy Fried Oyster Mushroom,195,0,vegan fried chicken with crispy and juicy,Peri Peri Sprinkler,5,g
Starters,Imported from menus.xlsx menu workbook,Crispy Fried Oyster Mushroom,195,0,vegan fried chicken with crispy and juicy,Dip Sauce,20,g
Starters,Imported from menus.xlsx menu workbook,Chicken Popcorn,195,0,Single bite with golden crispy outside and juicy meat inside,Boneless Chicken,170,g
Starters,Imported from menus.xlsx menu workbook,Chicken Popcorn,195,0,Single bite with golden crispy outside and juicy meat inside,Mayonnaice,30,g
Starters,Imported from menus.xlsx menu workbook,Chicken Popcorn,195,0,Single bite with golden crispy outside and juicy meat inside,Marinade,15,g
Starters,Imported from menus.xlsx menu workbook,Chicken Popcorn,195,0,Single bite with golden crispy outside and juicy meat inside,Oil,50,ml
Starters,Imported from menus.xlsx menu workbook,Chicken Popcorn,195,0,Single bite with golden crispy outside and juicy meat inside,Breading Flour,100,g
Starters,Imported from menus.xlsx menu workbook,Mexican Chicken Popcorn,225,0,Pops loaded with the flavours of Mexican Salsa,Boneless Chicken,170,g
Starters,Imported from menus.xlsx menu workbook,Mexican Chicken Popcorn,225,0,Pops loaded with the flavours of Mexican Salsa,Mayonnaice,30,g
Starters,Imported from menus.xlsx menu workbook,Mexican Chicken Popcorn,225,0,Pops loaded with the flavours of Mexican Salsa,Marinade,15,g
Starters,Imported from menus.xlsx menu workbook,Mexican Chicken Popcorn,225,0,Pops loaded with the flavours of Mexican Salsa,Oil,50,ml
Starters,Imported from menus.xlsx menu workbook,Mexican Chicken Popcorn,225,0,Pops loaded with the flavours of Mexican Salsa,Breading Flour,100,g
Starters,Imported from menus.xlsx menu workbook,Mexican Nachos,195,0,Crispy Nacho chips with mexican Salsa,Nachos Chips,150,g
Starters,Imported from menus.xlsx menu workbook,Mexican Nachos,195,0,Crispy Nacho chips with mexican Salsa,Mexican Salsa,100,g
Starters,Imported from menus.xlsx menu workbook,Mexican Nachos,195,0,Crispy Nacho chips with mexican Salsa,Sour Cream,15,g
Fried Chicken Wings,Imported from menus.xlsx menu workbook,Original Fried Wings,215,0,Golden brown crispy and tender fried wings,Chicken Wings,6,count
Fried Chicken Wings,Imported from menus.xlsx menu workbook,Original Fried Wings,215,0,Golden brown crispy and tender fried wings,Mayonnaice,30,g
Fried Chicken Wings,Imported from menus.xlsx menu workbook,Original Fried Wings,215,0,Golden brown crispy and tender fried wings,Marinade,25,g
Fried Chicken Wings,Imported from menus.xlsx menu workbook,Original Fried Wings,215,0,Golden brown crispy and tender fried wings,Oil,20,ml
Fried Chicken Wings,Imported from menus.xlsx menu workbook,Original Fried Wings,215,0,Golden brown crispy and tender fried wings,Breading Flour,50,g
Fried Chicken Wings,Imported from menus.xlsx menu workbook,Original Fried Wings,215,0,Golden brown crispy and tender fried wings,Peri Peri Sprinkler,5,g
Fried Chicken Wings,Imported from menus.xlsx menu workbook,Nashville Chicken Wings,235,0,Crispy wings flavored with Nashville oil,Chicken Wings,6,count
Fried Chicken Wings,Imported from menus.xlsx menu workbook,Nashville Chicken Wings,235,0,Crispy wings flavored with Nashville oil,Nashville Sauce,15,g
Fried Chicken Wings,Imported from menus.xlsx menu workbook,Nashville Chicken Wings,235,0,Crispy wings flavored with Nashville oil,Marinade,25,g
Fried Chicken Wings,Imported from menus.xlsx menu workbook,Nashville Chicken Wings,235,0,Crispy wings flavored with Nashville oil,Oil,20,ml
Fried Chicken Wings,Imported from menus.xlsx menu workbook,Nashville Chicken Wings,235,0,Crispy wings flavored with Nashville oil,Breading Flour,50,g
Fried Chicken Wings,Imported from menus.xlsx menu workbook,Nashville Chicken Wings,235,0,Crispy wings flavored with Nashville oil,Peri Peri Sprinkler,5,g
Fried Chicken Wings,Imported from menus.xlsx menu workbook,Nashville Chicken Wings,235,0,Crispy wings flavored with Nashville oil,Dip Sauce,25,g
Fried Chicken Wings,Imported from menus.xlsx menu workbook,Mexican Chicken Wings,235,0,"Crispy wings flavoured with spicy, tangy and savoury elements",Chicken Wings,6,count
Fried Chicken Wings,Imported from menus.xlsx menu workbook,Mexican Chicken Wings,235,0,"Crispy wings flavoured with spicy, tangy and savoury elements",Mexican Salsa,120,g
Fried Chicken Wings,Imported from menus.xlsx menu workbook,Mexican Chicken Wings,235,0,"Crispy wings flavoured with spicy, tangy and savoury elements",Marinade,25,g
Fried Chicken Wings,Imported from menus.xlsx menu workbook,Mexican Chicken Wings,235,0,"Crispy wings flavoured with spicy, tangy and savoury elements",Oil,20,ml
Fried Chicken Wings,Imported from menus.xlsx menu workbook,Mexican Chicken Wings,235,0,"Crispy wings flavoured with spicy, tangy and savoury elements",Breading Flour,50,g
Fried Chicken Wings,Imported from menus.xlsx menu workbook,Mexican Chicken Wings,235,0,"Crispy wings flavoured with spicy, tangy and savoury elements",Peri Peri Sprinkler,5,g
Fried Chicken Wings,Imported from menus.xlsx menu workbook,Mexican Chicken Wings,235,0,"Crispy wings flavoured with spicy, tangy and savoury elements",Dip Sauce,25,g
Fried Chicken Wings,Imported from menus.xlsx menu workbook,Buffalo Wings,235,0,Fired wings tossed spicy hot sauce,Chicken Wings,6,count
Fried Chicken Wings,Imported from menus.xlsx menu workbook,Buffalo Wings,235,0,Fired wings tossed spicy hot sauce,Bufflow Sauce,50,g
Fried Chicken Wings,Imported from menus.xlsx menu workbook,Buffalo Wings,235,0,Fired wings tossed spicy hot sauce,Marinade,25,g
Fried Chicken Wings,Imported from menus.xlsx menu workbook,Buffalo Wings,235,0,Fired wings tossed spicy hot sauce,Oil,20,ml
Fried Chicken Wings,Imported from menus.xlsx menu workbook,Buffalo Wings,235,0,Fired wings tossed spicy hot sauce,Breading Flour,50,g
Fried Chicken Wings,Imported from menus.xlsx menu workbook,Buffalo Wings,235,0,Fired wings tossed spicy hot sauce,Peri Peri Sprinkler,5,g
Fried Chicken Wings,Imported from menus.xlsx menu workbook,Buffalo Wings,235,0,Fired wings tossed spicy hot sauce,Dip Sauce,25,g
Fried Chicken Wings,Imported from menus.xlsx menu workbook,Korean Wings,235,0,Crispy wings tossed in tangy and spicy Korean sauce,Chicken Wings,6,count
Fried Chicken Wings,Imported from menus.xlsx menu workbook,Korean Wings,235,0,Crispy wings tossed in tangy and spicy Korean sauce,Korean Sauce,50,g
Fried Chicken Wings,Imported from menus.xlsx menu workbook,Korean Wings,235,0,Crispy wings tossed in tangy and spicy Korean sauce,Marinade,25,g
Fried Chicken Wings,Imported from menus.xlsx menu workbook,Korean Wings,235,0,Crispy wings tossed in tangy and spicy Korean sauce,Oil,20,ml
Fried Chicken Wings,Imported from menus.xlsx menu workbook,Korean Wings,235,0,Crispy wings tossed in tangy and spicy Korean sauce,Breading Flour,50,g
Fried Chicken Wings,Imported from menus.xlsx menu workbook,Korean Wings,235,0,Crispy wings tossed in tangy and spicy Korean sauce,Chilli Sauce,5,ml
Fried Chicken Wings,Imported from menus.xlsx menu workbook,Korean Wings,235,0,Crispy wings tossed in tangy and spicy Korean sauce,Dip Sauce,25,g
Loaded Fires / Nachos,Imported from menus.xlsx menu workbook,Original Loaded Fires,195,0,Loaded with crispy chicken and cheese sauce,Fries / Nachos,200,g
Loaded Fires / Nachos,Imported from menus.xlsx menu workbook,Original Loaded Fires,195,0,Loaded with crispy chicken and cheese sauce,Cheese Sauce,50,g
Loaded Fires / Nachos,Imported from menus.xlsx menu workbook,Original Loaded Fires,195,0,Loaded with crispy chicken and cheese sauce,Mexican Salsa,50,g
Loaded Fires / Nachos,Imported from menus.xlsx menu workbook,Original Loaded Fires,195,0,Loaded with crispy chicken and cheese sauce,Oil,20,ml
Loaded Fires / Nachos,Imported from menus.xlsx menu workbook,Original Loaded Fires,195,0,Loaded with crispy chicken and cheese sauce,Salt And Pepper,2,g
Loaded Fires / Nachos,Imported from menus.xlsx menu workbook,Original Loaded Fires,195,0,Loaded with crispy chicken and cheese sauce,Chopped Parsly,2,g
Loaded Fires / Nachos,Imported from menus.xlsx menu workbook,Original Loaded Fires,195,0,Loaded with crispy chicken and cheese sauce,Boneless Chicken,120,g
Loaded Fires / Nachos,Imported from menus.xlsx menu workbook,Original Loaded Fires,195,0,Loaded with crispy chicken and cheese sauce,Marinade,10,g
Loaded Fires / Nachos,Imported from menus.xlsx menu workbook,Original Loaded Fires,195,0,Loaded with crispy chicken and cheese sauce,Breading Flour,50,g
Loaded Fires / Nachos,Imported from menus.xlsx menu workbook,Nashville Loaded Fries,225,0,Loaded with Nashville flavour infused chicken and sauces,Fries / Nachos,200,g
Loaded Fires / Nachos,Imported from menus.xlsx menu workbook,Nashville Loaded Fries,225,0,Loaded with Nashville flavour infused chicken and sauces,Cheese Sauce,50,g
Loaded Fires / Nachos,Imported from menus.xlsx menu workbook,Nashville Loaded Fries,225,0,Loaded with Nashville flavour infused chicken and sauces,Bufflow Sauce,20,g
Loaded Fires / Nachos,Imported from menus.xlsx menu workbook,Nashville Loaded Fries,225,0,Loaded with Nashville flavour infused chicken and sauces,Oil,20,ml
Loaded Fires / Nachos,Imported from menus.xlsx menu workbook,Nashville Loaded Fries,225,0,Loaded with Nashville flavour infused chicken and sauces,Salt And Pepper,2,g
Loaded Fires / Nachos,Imported from menus.xlsx menu workbook,Nashville Loaded Fries,225,0,Loaded with Nashville flavour infused chicken and sauces,Chopped Parsly,2,g
Loaded Fires / Nachos,Imported from menus.xlsx menu workbook,Nashville Loaded Fries,225,0,Loaded with Nashville flavour infused chicken and sauces,Boneless Chicken,120,g
Loaded Fires / Nachos,Imported from menus.xlsx menu workbook,Nashville Loaded Fries,225,0,Loaded with Nashville flavour infused chicken and sauces,Marinade,10,g
Loaded Fires / Nachos,Imported from menus.xlsx menu workbook,Nashville Loaded Fries,225,0,Loaded with Nashville flavour infused chicken and sauces,Breading Flour,50,g
Loaded Fires / Nachos,Imported from menus.xlsx menu workbook,Nashville Loaded Fries,225,0,Loaded with Nashville flavour infused chicken and sauces,Nashville Sauce,15,g
Loaded Fires / Nachos,Imported from menus.xlsx menu workbook,Korean Chicken Loaded Fires,225,0,Loaded with Korean flavoured tossed chicken and sauce,Fries / Nachos,200,g
Loaded Fires / Nachos,Imported from menus.xlsx menu workbook,Korean Chicken Loaded Fires,225,0,Loaded with Korean flavoured tossed chicken and sauce,Cheese Sauce,50,g
Loaded Fires / Nachos,Imported from menus.xlsx menu workbook,Korean Chicken Loaded Fires,225,0,Loaded with Korean flavoured tossed chicken and sauce,Bufflow Sauce,20,g
Loaded Fires / Nachos,Imported from menus.xlsx menu workbook,Korean Chicken Loaded Fires,225,0,Loaded with Korean flavoured tossed chicken and sauce,Oil,20,ml
Loaded Fires / Nachos,Imported from menus.xlsx menu workbook,Korean Chicken Loaded Fires,225,0,Loaded with Korean flavoured tossed chicken and sauce,Salt And Pepper,2,g
Loaded Fires / Nachos,Imported from menus.xlsx menu workbook,Korean Chicken Loaded Fires,225,0,Loaded with Korean flavoured tossed chicken and sauce,Chopped Parsly,2,g
Loaded Fires / Nachos,Imported from menus.xlsx menu workbook,Korean Chicken Loaded Fires,225,0,Loaded with Korean flavoured tossed chicken and sauce,Boneless Chicken,120,g
Loaded Fires / Nachos,Imported from menus.xlsx menu workbook,Korean Chicken Loaded Fires,225,0,Loaded with Korean flavoured tossed chicken and sauce,Marinade,10,g
Loaded Fires / Nachos,Imported from menus.xlsx menu workbook,Korean Chicken Loaded Fires,225,0,Loaded with Korean flavoured tossed chicken and sauce,Breading Flour,50,g
Loaded Fires / Nachos,Imported from menus.xlsx menu workbook,Korean Chicken Loaded Fires,225,0,Loaded with Korean flavoured tossed chicken and sauce,Korean Sauce,15,g
Loaded Fires / Nachos,Imported from menus.xlsx menu workbook,Mexican Loaded,225,0,Loaded with crispy chicken and Mexican salsa,Fries / Nachos,200,g
Loaded Fires / Nachos,Imported from menus.xlsx menu workbook,Mexican Loaded,225,0,Loaded with crispy chicken and Mexican salsa,Cheese Sauce,50,g
Loaded Fires / Nachos,Imported from menus.xlsx menu workbook,Mexican Loaded,225,0,Loaded with crispy chicken and Mexican salsa,Bufflow Sauce,20,g
Loaded Fires / Nachos,Imported from menus.xlsx menu workbook,Mexican Loaded,225,0,Loaded with crispy chicken and Mexican salsa,Oil,20,ml
Loaded Fires / Nachos,Imported from menus.xlsx menu workbook,Mexican Loaded,225,0,Loaded with crispy chicken and Mexican salsa,Salt And Pepper,2,g
Loaded Fires / Nachos,Imported from menus.xlsx menu workbook,Mexican Loaded,225,0,Loaded with crispy chicken and Mexican salsa,Chopped Parsly,2,g
Loaded Fires / Nachos,Imported from menus.xlsx menu workbook,Mexican Loaded,225,0,Loaded with crispy chicken and Mexican salsa,Boneless Chicken,120,g
Loaded Fires / Nachos,Imported from menus.xlsx menu workbook,Mexican Loaded,225,0,Loaded with crispy chicken and Mexican salsa,Marinade,10,g
Loaded Fires / Nachos,Imported from menus.xlsx menu workbook,Mexican Loaded,225,0,Loaded with crispy chicken and Mexican salsa,Breading Flour,50,g
Loaded Fires / Nachos,Imported from menus.xlsx menu workbook,Mexican Loaded,225,0,Loaded with crispy chicken and Mexican salsa,Mexican Salsa,70,g
Loaded Fires / Nachos,Imported from menus.xlsx menu workbook,Original Beef Loaded,245,0,Loaded with grilled beef keema and spicy sauce,Fries / Nachos,200,g
Loaded Fires / Nachos,Imported from menus.xlsx menu workbook,Original Beef Loaded,245,0,Loaded with grilled beef keema and spicy sauce,Cheese Sauce,50,g
Loaded Fires / Nachos,Imported from menus.xlsx menu workbook,Original Beef Loaded,245,0,Loaded with grilled beef keema and spicy sauce,Bufflow Sauce,20,g
Loaded Fires / Nachos,Imported from menus.xlsx menu workbook,Original Beef Loaded,245,0,Loaded with grilled beef keema and spicy sauce,Oil,20,ml
Loaded Fires / Nachos,Imported from menus.xlsx menu workbook,Original Beef Loaded,245,0,Loaded with grilled beef keema and spicy sauce,Salt And Pepper,2,g
Loaded Fires / Nachos,Imported from menus.xlsx menu workbook,Original Beef Loaded,245,0,Loaded with grilled beef keema and spicy sauce,Chopped Parsly,2,g
Loaded Fires / Nachos,Imported from menus.xlsx menu workbook,Original Beef Loaded,245,0,Loaded with grilled beef keema and spicy sauce,Minced Beef,120,g
Loaded Fires / Nachos,Imported from menus.xlsx menu workbook,Original Beef Loaded,245,0,Loaded with grilled beef keema and spicy sauce,Butter,10,g
Loaded Fires / Nachos,Imported from menus.xlsx menu workbook,Original Beef Loaded,245,0,Loaded with grilled beef keema and spicy sauce,Sliced Jerkings,5,count
Burgers,Imported from menus.xlsx menu workbook,Vegan Fried Burger,225,0,vegan fried mushroom patty with crispy and juicy burger,Brioche Buns,1,count
Burgers,Imported from menus.xlsx menu workbook,Vegan Fried Burger,225,0,vegan fried mushroom patty with crispy and juicy burger,Oyester Mushroom,100,count
Burgers,Imported from menus.xlsx menu workbook,Vegan Fried Burger,225,0,vegan fried mushroom patty with crispy and juicy burger,Breading Flour,20,g
Burgers,Imported from menus.xlsx menu workbook,Vegan Fried Burger,225,0,vegan fried mushroom patty with crispy and juicy burger,Oil,20,ml
Burgers,Imported from menus.xlsx menu workbook,Vegan Fried Burger,225,0,vegan fried mushroom patty with crispy and juicy burger,Curly Lettuce,25,g
Burgers,Imported from menus.xlsx menu workbook,Vegan Fried Burger,225,0,vegan fried mushroom patty with crispy and juicy burger,Banglore Tomato,20,g
Burgers,Imported from menus.xlsx menu workbook,Vegan Fried Burger,225,0,vegan fried mushroom patty with crispy and juicy burger,Caramilesed Onion,10,g
Burgers,Imported from menus.xlsx menu workbook,Vegan Fried Burger,225,0,vegan fried mushroom patty with crispy and juicy burger,Mayonnaice,15,g
Burgers,Imported from menus.xlsx menu workbook,Vegan Fried Burger,225,0,vegan fried mushroom patty with crispy and juicy burger,Cheese Sauce,10,g
Burgers,Imported from menus.xlsx menu workbook,Vegan Fried Burger,225,0,vegan fried mushroom patty with crispy and juicy burger,Ketchup Sachet,1,count
Burgers,Imported from menus.xlsx menu workbook,Vegan Fried Burger,225,0,vegan fried mushroom patty with crispy and juicy burger,Sliced Jerkings,3,count
Burgers,Imported from menus.xlsx menu workbook,Original Fried Chicken,245,0,Crispy and juicy chicken fillet with cheese sauce and fired egg,Brioche Buns,1,count
Burgers,Imported from menus.xlsx menu workbook,Original Fried Chicken,245,0,Crispy and juicy chicken fillet with cheese sauce and fired egg,Chicken Thigh Fillet,100,count
Burgers,Imported from menus.xlsx menu workbook,Original Fried Chicken,245,0,Crispy and juicy chicken fillet with cheese sauce and fired egg,Breading Flour,20,g
Burgers,Imported from menus.xlsx menu workbook,Original Fried Chicken,245,0,Crispy and juicy chicken fillet with cheese sauce and fired egg,Oil,20,ml
Burgers,Imported from menus.xlsx menu workbook,Original Fried Chicken,245,0,Crispy and juicy chicken fillet with cheese sauce and fired egg,Curly Lettuce,25,g
Burgers,Imported from menus.xlsx menu workbook,Original Fried Chicken,245,0,Crispy and juicy chicken fillet with cheese sauce and fired egg,Banglore Tomato,20,g
Burgers,Imported from menus.xlsx menu workbook,Original Fried Chicken,245,0,Crispy and juicy chicken fillet with cheese sauce and fired egg,Caramilesed Onion,10,g
Burgers,Imported from menus.xlsx menu workbook,Original Fried Chicken,245,0,Crispy and juicy chicken fillet with cheese sauce and fired egg,Egg,1,count
Burgers,Imported from menus.xlsx menu workbook,Original Fried Chicken,245,0,Crispy and juicy chicken fillet with cheese sauce and fired egg,Mayonnaice,15,g
Burgers,Imported from menus.xlsx menu workbook,Original Fried Chicken,245,0,Crispy and juicy chicken fillet with cheese sauce and fired egg,Cheese Sauce,10,g
Burgers,Imported from menus.xlsx menu workbook,Original Fried Chicken,245,0,Crispy and juicy chicken fillet with cheese sauce and fired egg,Ketchup Sachet,1,count
Burgers,Imported from menus.xlsx menu workbook,Original Fried Chicken,245,0,Crispy and juicy chicken fillet with cheese sauce and fired egg,Sliced Jerkings,3,count
Burgers,Imported from menus.xlsx menu workbook,Slaw Chicken Burger,245,0,Crispy and juicy chicken fillet topped with classic coleslaw,Brioche Buns,1,count
Burgers,Imported from menus.xlsx menu workbook,Slaw Chicken Burger,245,0,Crispy and juicy chicken fillet topped with classic coleslaw,Chicken Thigh Fillet,100,count
Burgers,Imported from menus.xlsx menu workbook,Slaw Chicken Burger,245,0,Crispy and juicy chicken fillet topped with classic coleslaw,Breading Flour,20,g
Burgers,Imported from menus.xlsx menu workbook,Slaw Chicken Burger,245,0,Crispy and juicy chicken fillet topped with classic coleslaw,Oil,20,ml
Burgers,Imported from menus.xlsx menu workbook,Slaw Chicken Burger,245,0,Crispy and juicy chicken fillet topped with classic coleslaw,Curly Lettuce,25,g
Burgers,Imported from menus.xlsx menu workbook,Slaw Chicken Burger,245,0,Crispy and juicy chicken fillet topped with classic coleslaw,Banglore Tomato,20,g
Burgers,Imported from menus.xlsx menu workbook,Slaw Chicken Burger,245,0,Crispy and juicy chicken fillet topped with classic coleslaw,Caramilesed Onion,10,g
Burgers,Imported from menus.xlsx menu workbook,Slaw Chicken Burger,245,0,Crispy and juicy chicken fillet topped with classic coleslaw,Coleslaw,30,g
Burgers,Imported from menus.xlsx menu workbook,Slaw Chicken Burger,245,0,Crispy and juicy chicken fillet topped with classic coleslaw,Mayonnaice,15,g
Burgers,Imported from menus.xlsx menu workbook,Slaw Chicken Burger,245,0,Crispy and juicy chicken fillet topped with classic coleslaw,Cheese Sauce,10,g
Burgers,Imported from menus.xlsx menu workbook,Slaw Chicken Burger,245,0,Crispy and juicy chicken fillet topped with classic coleslaw,Ketchup Sachet,1,count
Burgers,Imported from menus.xlsx menu workbook,Slaw Chicken Burger,245,0,Crispy and juicy chicken fillet topped with classic coleslaw,Sliced Jerkings,3,count
Burgers,Imported from menus.xlsx menu workbook,Nashville Chicken Burger,265,0,Crispy chicken fillet infused with authentic spicy Nashville oil with fired egg,Brioche Buns,1,count
Burgers,Imported from menus.xlsx menu workbook,Nashville Chicken Burger,265,0,Crispy chicken fillet infused with authentic spicy Nashville oil with fired egg,Chicken Thigh Fillet,100,count
Burgers,Imported from menus.xlsx menu workbook,Nashville Chicken Burger,265,0,Crispy chicken fillet infused with authentic spicy Nashville oil with fired egg,Breading Flour,20,g
Burgers,Imported from menus.xlsx menu workbook,Nashville Chicken Burger,265,0,Crispy chicken fillet infused with authentic spicy Nashville oil with fired egg,Oil,20,ml
Burgers,Imported from menus.xlsx menu workbook,Nashville Chicken Burger,265,0,Crispy chicken fillet infused with authentic spicy Nashville oil with fired egg,Curly Lettuce,25,g
Burgers,Imported from menus.xlsx menu workbook,Nashville Chicken Burger,265,0,Crispy chicken fillet infused with authentic spicy Nashville oil with fired egg,Banglore Tomato,20,g
Burgers,Imported from menus.xlsx menu workbook,Nashville Chicken Burger,265,0,Crispy chicken fillet infused with authentic spicy Nashville oil with fired egg,Caramilesed Onion,10,g
Burgers,Imported from menus.xlsx menu workbook,Nashville Chicken Burger,265,0,Crispy chicken fillet infused with authentic spicy Nashville oil with fired egg,Egg,1,count
Burgers,Imported from menus.xlsx menu workbook,Nashville Chicken Burger,265,0,Crispy chicken fillet infused with authentic spicy Nashville oil with fired egg,Mayonnaice,15,g
Burgers,Imported from menus.xlsx menu workbook,Nashville Chicken Burger,265,0,Crispy chicken fillet infused with authentic spicy Nashville oil with fired egg,Nashville Oil,10,g
Burgers,Imported from menus.xlsx menu workbook,Nashville Chicken Burger,265,0,Crispy chicken fillet infused with authentic spicy Nashville oil with fired egg,Ketchup Sachet,1,count
Burgers,Imported from menus.xlsx menu workbook,Nashville Chicken Burger,265,0,Crispy chicken fillet infused with authentic spicy Nashville oil with fired egg,Sliced Jerkings,3,count
Burgers,Imported from menus.xlsx menu workbook,Nashville Chicken Burger,265,0,Crispy chicken fillet infused with authentic spicy Nashville oil with fired egg,Peri Peri Sprinkler,2,g
Burgers,Imported from menus.xlsx menu workbook,Buffalo Chicken Burger,265,0,Crispy chicken fillet tossed with tangy and spicy hot sauce and fried egg,Brioche Buns,1,count
Burgers,Imported from menus.xlsx menu workbook,Buffalo Chicken Burger,265,0,Crispy chicken fillet tossed with tangy and spicy hot sauce and fried egg,Chicken Thigh Fillet,100,count
Burgers,Imported from menus.xlsx menu workbook,Buffalo Chicken Burger,265,0,Crispy chicken fillet tossed with tangy and spicy hot sauce and fried egg,Breading Flour,20,g
Burgers,Imported from menus.xlsx menu workbook,Buffalo Chicken Burger,265,0,Crispy chicken fillet tossed with tangy and spicy hot sauce and fried egg,Oil,20,ml
Burgers,Imported from menus.xlsx menu workbook,Buffalo Chicken Burger,265,0,Crispy chicken fillet tossed with tangy and spicy hot sauce and fried egg,Curly Lettuce,25,g
Burgers,Imported from menus.xlsx menu workbook,Buffalo Chicken Burger,265,0,Crispy chicken fillet tossed with tangy and spicy hot sauce and fried egg,Banglore Tomato,20,g
Burgers,Imported from menus.xlsx menu workbook,Buffalo Chicken Burger,265,0,Crispy chicken fillet tossed with tangy and spicy hot sauce and fried egg,Caramilesed Onion,10,g
Burgers,Imported from menus.xlsx menu workbook,Buffalo Chicken Burger,265,0,Crispy chicken fillet tossed with tangy and spicy hot sauce and fried egg,Egg,1,count
Burgers,Imported from menus.xlsx menu workbook,Buffalo Chicken Burger,265,0,Crispy chicken fillet tossed with tangy and spicy hot sauce and fried egg,Mayonnaice,20,g
Burgers,Imported from menus.xlsx menu workbook,Buffalo Chicken Burger,265,0,Crispy chicken fillet tossed with tangy and spicy hot sauce and fried egg,Bufflow Sauce,10,g
Burgers,Imported from menus.xlsx menu workbook,Buffalo Chicken Burger,265,0,Crispy chicken fillet tossed with tangy and spicy hot sauce and fried egg,Ketchup Sachet,1,count
Burgers,Imported from menus.xlsx menu workbook,Buffalo Chicken Burger,265,0,Crispy chicken fillet tossed with tangy and spicy hot sauce and fried egg,Sliced Jerkings,3,count
Burgers,Imported from menus.xlsx menu workbook,Buffalo Chicken Burger,265,0,Crispy chicken fillet tossed with tangy and spicy hot sauce and fried egg,Peri Peri Sprinkler,2,g
Burgers,Imported from menus.xlsx menu workbook,Mexican Chicken Burger,265,0,Crispy fried chicken topped with fresh Salsa and fried egg,Brioche Buns,1,count
Burgers,Imported from menus.xlsx menu workbook,Mexican Chicken Burger,265,0,Crispy fried chicken topped with fresh Salsa and fried egg,Chicken Thigh Fillet,100,count
Burgers,Imported from menus.xlsx menu workbook,Mexican Chicken Burger,265,0,Crispy fried chicken topped with fresh Salsa and fried egg,Breading Flour,20,g
Burgers,Imported from menus.xlsx menu workbook,Mexican Chicken Burger,265,0,Crispy fried chicken topped with fresh Salsa and fried egg,Oil,20,ml
Burgers,Imported from menus.xlsx menu workbook,Mexican Chicken Burger,265,0,Crispy fried chicken topped with fresh Salsa and fried egg,Curly Lettuce,25,g
Burgers,Imported from menus.xlsx menu workbook,Mexican Chicken Burger,265,0,Crispy fried chicken topped with fresh Salsa and fried egg,Banglore Tomato,20,g
Burgers,Imported from menus.xlsx menu workbook,Mexican Chicken Burger,265,0,Crispy fried chicken topped with fresh Salsa and fried egg,Caramilesed Onion,10,g
Burgers,Imported from menus.xlsx menu workbook,Mexican Chicken Burger,265,0,Crispy fried chicken topped with fresh Salsa and fried egg,Sour Cream,10,g
Burgers,Imported from menus.xlsx menu workbook,Mexican Chicken Burger,265,0,Crispy fried chicken topped with fresh Salsa and fried egg,Mayonnaice,20,g
Burgers,Imported from menus.xlsx menu workbook,Mexican Chicken Burger,265,0,Crispy fried chicken topped with fresh Salsa and fried egg,Mexican Salsa,30,g
Burgers,Imported from menus.xlsx menu workbook,Mexican Chicken Burger,265,0,Crispy fried chicken topped with fresh Salsa and fried egg,Ketchup Sachet,1,count
Burgers,Imported from menus.xlsx menu workbook,Mexican Chicken Burger,265,0,Crispy fried chicken topped with fresh Salsa and fried egg,Sliced Jerkings,3,count
Burgers,Imported from menus.xlsx menu workbook,Mexican Chicken Burger,265,0,Crispy fried chicken topped with fresh Salsa and fried egg,Peri Peri Sprinkler,2,g
Burgers,Imported from menus.xlsx menu workbook,OG Smashed Double Beef,275,0,Smashed and grilled beef topped with jerkins and fried egg,Brioche Buns,1,count
Burgers,Imported from menus.xlsx menu workbook,OG Smashed Double Beef,275,0,Smashed and grilled beef topped with jerkins and fried egg,Minced Beef,200,g
Burgers,Imported from menus.xlsx menu workbook,OG Smashed Double Beef,275,0,Smashed and grilled beef topped with jerkins and fried egg,Butter,10,g
Burgers,Imported from menus.xlsx menu workbook,OG Smashed Double Beef,275,0,Smashed and grilled beef topped with jerkins and fried egg,Oil,20,ml
Burgers,Imported from menus.xlsx menu workbook,OG Smashed Double Beef,275,0,Smashed and grilled beef topped with jerkins and fried egg,Curly Lettuce,25,g
Burgers,Imported from menus.xlsx menu workbook,OG Smashed Double Beef,275,0,Smashed and grilled beef topped with jerkins and fried egg,Banglore Tomato,20,g
Burgers,Imported from menus.xlsx menu workbook,OG Smashed Double Beef,275,0,Smashed and grilled beef topped with jerkins and fried egg,Caramilesed Onion,10,g
Burgers,Imported from menus.xlsx menu workbook,OG Smashed Double Beef,275,0,Smashed and grilled beef topped with jerkins and fried egg,Cheese Slice,1,count
Burgers,Imported from menus.xlsx menu workbook,OG Smashed Double Beef,275,0,Smashed and grilled beef topped with jerkins and fried egg,Mayonnaice,20,g
Burgers,Imported from menus.xlsx menu workbook,OG Smashed Double Beef,275,0,Smashed and grilled beef topped with jerkins and fried egg,Egg,1,count
Burgers,Imported from menus.xlsx menu workbook,OG Smashed Double Beef,275,0,Smashed and grilled beef topped with jerkins and fried egg,Ketchup Sachet,1,count
Burgers,Imported from menus.xlsx menu workbook,OG Smashed Double Beef,275,0,Smashed and grilled beef topped with jerkins and fried egg,Sliced Jerkings,3,count
Burgers,Imported from menus.xlsx menu workbook,OG Smashed Double Beef,275,0,Smashed and grilled beef topped with jerkins and fried egg,Dip Sauce,10,g
Burgers,Imported from menus.xlsx menu workbook,God's Own Beef Burger,275,0,Grilled beef favoured with Kerala's own kanthari chilly sauce topped with fired egg,Brioche Buns,1,count
Burgers,Imported from menus.xlsx menu workbook,God's Own Beef Burger,275,0,Grilled beef favoured with Kerala's own kanthari chilly sauce topped with fired egg,Minced Beef,200,g
Burgers,Imported from menus.xlsx menu workbook,God's Own Beef Burger,275,0,Grilled beef favoured with Kerala's own kanthari chilly sauce topped with fired egg,Butter,10,g
Burgers,Imported from menus.xlsx menu workbook,God's Own Beef Burger,275,0,Grilled beef favoured with Kerala's own kanthari chilly sauce topped with fired egg,Oil,20,ml
Burgers,Imported from menus.xlsx menu workbook,God's Own Beef Burger,275,0,Grilled beef favoured with Kerala's own kanthari chilly sauce topped with fired egg,Curly Lettuce,25,g
Burgers,Imported from menus.xlsx menu workbook,God's Own Beef Burger,275,0,Grilled beef favoured with Kerala's own kanthari chilly sauce topped with fired egg,Banglore Tomato,20,g
Burgers,Imported from menus.xlsx menu workbook,God's Own Beef Burger,275,0,Grilled beef favoured with Kerala's own kanthari chilly sauce topped with fired egg,Caramilesed Onion,10,g
Burgers,Imported from menus.xlsx menu workbook,God's Own Beef Burger,275,0,Grilled beef favoured with Kerala's own kanthari chilly sauce topped with fired egg,Cheese Slice,1,count
Burgers,Imported from menus.xlsx menu workbook,God's Own Beef Burger,275,0,Grilled beef favoured with Kerala's own kanthari chilly sauce topped with fired egg,Mayonnaice,20,g
Burgers,Imported from menus.xlsx menu workbook,God's Own Beef Burger,275,0,Grilled beef favoured with Kerala's own kanthari chilly sauce topped with fired egg,Egg,1,count
Burgers,Imported from menus.xlsx menu workbook,God's Own Beef Burger,275,0,Grilled beef favoured with Kerala's own kanthari chilly sauce topped with fired egg,Ketchup Sachet,1,count
Burgers,Imported from menus.xlsx menu workbook,God's Own Beef Burger,275,0,Grilled beef favoured with Kerala's own kanthari chilly sauce topped with fired egg,Sliced Jerkings,3,count
Burgers,Imported from menus.xlsx menu workbook,God's Own Beef Burger,275,0,Grilled beef favoured with Kerala's own kanthari chilly sauce topped with fired egg,Kanthari Sauce,10,ml
Burgers,Imported from menus.xlsx menu workbook,Signature No Bun Chicken Burger,295,0,Crispy fried chicken pattys with coleslaw and fired egg,Chicken Thigh Fillet,2,count
Burgers,Imported from menus.xlsx menu workbook,Signature No Bun Chicken Burger,295,0,Crispy fried chicken pattys with coleslaw and fired egg,Coleslaw,30,g
Burgers,Imported from menus.xlsx menu workbook,Signature No Bun Chicken Burger,295,0,Crispy fried chicken pattys with coleslaw and fired egg,Marinade,15,g
Burgers,Imported from menus.xlsx menu workbook,Signature No Bun Chicken Burger,295,0,Crispy fried chicken pattys with coleslaw and fired egg,Oil,20,ml
Burgers,Imported from menus.xlsx menu workbook,Signature No Bun Chicken Burger,295,0,Crispy fried chicken pattys with coleslaw and fired egg,Curly Lettuce,25,g
Burgers,Imported from menus.xlsx menu workbook,Signature No Bun Chicken Burger,295,0,Crispy fried chicken pattys with coleslaw and fired egg,Banglore Tomato,20,g
Burgers,Imported from menus.xlsx menu workbook,Signature No Bun Chicken Burger,295,0,Crispy fried chicken pattys with coleslaw and fired egg,Caramilesed Onion,10,g
Burgers,Imported from menus.xlsx menu workbook,Signature No Bun Chicken Burger,295,0,Crispy fried chicken pattys with coleslaw and fired egg,Breading Flour,50,g
Burgers,Imported from menus.xlsx menu workbook,Signature No Bun Chicken Burger,295,0,Crispy fried chicken pattys with coleslaw and fired egg,Cheese Sauce,10,g
Burgers,Imported from menus.xlsx menu workbook,Signature No Bun Chicken Burger,295,0,Crispy fried chicken pattys with coleslaw and fired egg,Mayonnaice,20,g
Add On,Imported from menus.xlsx menu workbook,Fried Egg,25,0,,Egg,1,count
Add On,Imported from menus.xlsx menu workbook,Coleslaw,25,0,,Coleslaw,30,g
Add On,Imported from menus.xlsx menu workbook,Sauce,25,0,,Dip Sauce,10,g
Add On,Imported from menus.xlsx menu workbook,Cheese,25,0,,Cheese Sauce,20,g
Add On,Imported from menus.xlsx menu workbook,Fires,45,0,,9MM Fries,100,g
Add On,Imported from menus.xlsx menu workbook,Nacho,45,0,,Nachos Chips,100,g
Add On,Imported from menus.xlsx menu workbook,Make It Double Patty,95,0,,Chicken Thigh Fillet,1,count
Beverage,Imported from menus.xlsx menu workbook,Thick Cold Milo,175,0,,Milo,50,g
Beverage,Imported from menus.xlsx menu workbook,Thick Cold Milo,175,0,,Condenced Milk,30,ml
Beverage,Imported from menus.xlsx menu workbook,Thick Cold Milo,175,0,,Chocolate Sauce,10,ml
Beverage,Imported from menus.xlsx menu workbook,Thick Cold Milo,175,0,,Ice Cubes,4,count
Beverage,Imported from menus.xlsx menu workbook,Thick Cold Milo,175,0,,Uht Milk,120,ml
Beverage,Imported from menus.xlsx menu workbook,Thick Cold Milo,175,0,,Sugar,7,g
Beverage,Imported from menus.xlsx menu workbook,Silky Biscoff Shake,175,0,,Biscoff Spread,50,g
Beverage,Imported from menus.xlsx menu workbook,Silky Biscoff Shake,175,0,,Vanilla Ice Cream,80,g
Beverage,Imported from menus.xlsx menu workbook,Silky Biscoff Shake,175,0,,Ice Cubes,4,count
Beverage,Imported from menus.xlsx menu workbook,Silky Biscoff Shake,175,0,,Uht Milk,120,ml
Beverage,Imported from menus.xlsx menu workbook,Silky Biscoff Shake,175,0,,Sugar,7,g
Beverage,Imported from menus.xlsx menu workbook,Cold Mocha,175,0,,Instant Coffee,5,g
Beverage,Imported from menus.xlsx menu workbook,Cold Mocha,175,0,,Vanilla Ice Cream,80,g
Beverage,Imported from menus.xlsx menu workbook,Cold Mocha,175,0,,Chocolate Sauce,15,ml
Beverage,Imported from menus.xlsx menu workbook,Cold Mocha,175,0,,Ice Cubes,4,count
Beverage,Imported from menus.xlsx menu workbook,Cold Mocha,175,0,,Uht Milk,120,ml
Beverage,Imported from menus.xlsx menu workbook,Cold Mocha,175,0,,Sugar,7,g
Beverage,Imported from menus.xlsx menu workbook,Cold Mocha,175,0,,Instant Coffee,5,g
Beverage,Imported from menus.xlsx menu workbook,Cold Mocha,175,0,,Vanilla Ice Cream,80,g
Beverage,Imported from menus.xlsx menu workbook,Cold Mocha,175,0,,Chocolate Sauce,15,ml
Beverage,Imported from menus.xlsx menu workbook,Cold Mocha,175,0,,Ice Cubes,4,count
Beverage,Imported from menus.xlsx menu workbook,Cold Mocha,175,0,,Uht Milk,120,ml
Beverage,Imported from menus.xlsx menu workbook,Cold Mocha,175,0,,Sugar,7,g
Beverage,Imported from menus.xlsx menu workbook,Cold Mocha,175,0,,Instant Coffee,5,g
Beverage,Imported from menus.xlsx menu workbook,Cold Mocha,175,0,,Vanilla Ice Cream,80,g
Beverage,Imported from menus.xlsx menu workbook,Cold Mocha,175,0,,Chocolate Sauce,15,ml
Beverage,Imported from menus.xlsx menu workbook,Cold Mocha,175,0,,Ice Cubes,4,count
Beverage,Imported from menus.xlsx menu workbook,Cold Mocha,175,0,,Uht Milk,120,ml
Beverage,Imported from menus.xlsx menu workbook,Cold Mocha,175,0,,Sugar,7,g
Beverage,Imported from menus.xlsx menu workbook,Ice Tea,135,0,,Ice Tea Syrup,30,ml
Beverage,Imported from menus.xlsx menu workbook,Ice Tea,135,0,,Lemon,3,count
Beverage,Imported from menus.xlsx menu workbook,Ice Tea,135,0,,Mint Leaves,4,count
Beverage,Imported from menus.xlsx menu workbook,Ice Tea,135,0,,Ice Cubes,4,count
Beverage,Imported from menus.xlsx menu workbook,Ice Tea,135,0,,7UP,200,ml
Beverage,Imported from menus.xlsx menu workbook,Mango Ice Tea,135,0,,Ice Tea Syrup,30,ml
Beverage,Imported from menus.xlsx menu workbook,Mango Ice Tea,135,0,,Mango Crush,10,ml
Beverage,Imported from menus.xlsx menu workbook,Mango Ice Tea,135,0,,Lemon,3,count
Beverage,Imported from menus.xlsx menu workbook,Mango Ice Tea,135,0,,Mint Leaves,4,count
Beverage,Imported from menus.xlsx menu workbook,Mango Ice Tea,135,0,,Ice Cubes,4,count
Beverage,Imported from menus.xlsx menu workbook,Mango Ice Tea,135,0,,7UP,200,ml
Beverage,Imported from menus.xlsx menu workbook,Lemon Mint Mojito,135,0,,Mint Syrup,30,ml
Beverage,Imported from menus.xlsx menu workbook,Lemon Mint Mojito,135,0,,Lemon,3,count
Beverage,Imported from menus.xlsx menu workbook,Lemon Mint Mojito,135,0,,Mint Leaves,4,count
Beverage,Imported from menus.xlsx menu workbook,Lemon Mint Mojito,135,0,,Ice Cubes,4,count
Beverage,Imported from menus.xlsx menu workbook,Lemon Mint Mojito,135,0,,7UP,200,ml
Beverage,Imported from menus.xlsx menu workbook,Blue Curacao Mojito,135,0,,Blue Curacuo Syrup,30,ml
Beverage,Imported from menus.xlsx menu workbook,Blue Curacao Mojito,135,0,,Lemon,3,count
Beverage,Imported from menus.xlsx menu workbook,Blue Curacao Mojito,135,0,,Mint Leaves,4,count
Beverage,Imported from menus.xlsx menu workbook,Blue Curacao Mojito,135,0,,Ice Cubes,4,count
Beverage,Imported from menus.xlsx menu workbook,Blue Curacao Mojito,135,0,,7UP,200,ml
